geneID,Puncta in P1 (2-cell),Puncta in P2 (4-cell),Puncta in P3 (8-cell),Puncta in P4 (28-cell),Pattern consistent with enrichment in Z2/Z3 (100-cell),Group,Additional comments on RNA localization,Group I RNAi results,"avg_mRNA_fpm from Lee et al., 2020","avg_Rb_fpm from Lee et al., 2020",TE (ave_Rb_fpm / avg_mRNA_fpm),WBgene,Embryonic lethality in N2 or rrf-3 (data from Wormbase)
abi-1,+,+,+,+,+,Group I,,not significantly sterile in N2 or grif-1(ax4524),134.6429636,79.95047151,0.593796136,WBGene00015146,Embryonic lethal
air-1,+,+,+,+,+,Group I,RNA localizes to puncta in somatic cells,"embryonic lethality, could not count sterility in either N2 or grif-1(ax4524)",158.4145749,242.4116487,1.530235768,WBGene00000098,Embryonic lethal
alg-5,+,+,+,+,+,Group I,"RNA localizes to puncta in somatic cells, Enrichment in ~100-cell is weak",,58.25326922,17.91218962,0.307488144,WBGene00011945,
ani-2,+,+,+,+,+,Group I,RNA localizes to puncta in somatic cells,"no F1 worms, could not count sterility in either N2 or grif-1(ax4524)",58.95390111,34.43260339,0.584059795,WBGene00019608,Embryonic lethal
B0261.7,+,+,+,-,+,Group I,,not significantly sterile in N2 or grif-1(ax4524),82.09684967,64.54597029,0.786217383,WBGene00015095,
C04F12.1,+,+,+,+,+,Group I,,not significantly sterile in N2 or grif-1(ax4524),27.05927257,23.32107711,0.861851591,WBGene00007297,
C18E9.2,+,+,+,+,+,Group I,,not significantly sterile in N2 or grif-1(ax4524),8.492878616,54.22561439,6.384833322,WBGene00007683,Embryonic lethal
C32D5.11,+,+,+,-,+,Group I,Enrichment in ~100-cell is weak,not significantly sterile in N2 or grif-1(ax4524),123.8738968,83.86623157,0.67702909,WBGene00016318,
cbd-1,+,+,+,+,+,Group I,,"embryonic lethality, could not count sterility in either N2 or grif-1(ax4524)",392.3024635,6.592745783,0.016805262,WBGene00010351,Embryonic lethal
cdc-48.1,+,+,+,+,+,Group I,,"P0 lethality, could not count sterility in either N2 or grif-1(ax4524)",456.3117808,497.3289289,1.089888427,WBGene00007352,Embryonic lethal
ced-6,+,+,+,+,+,Group I,,not significantly sterile in N2 or grif-1(ax4524),43.02267046,33.49381966,0.77851559,WBGene00000420,
cey-3,+,+,+,+,+,Group I,RNA localizes to puncta in somatic cells,not significantly sterile in N2 or grif-1(ax4524),166.5505571,30.80712552,0.184971615,WBGene00000474,
cgt-3,+,+,+,+,+,Group I,"RNA localizes to puncta in somatic cells, Enrichment in ~100-cell is weak",not significantly sterile in N2 or grif-1(ax4524),53.04855647,10.5485503,0.198847075,WBGene00019127,
cnx-1,+,+,+,+,+,Group I,Enrichment in ~100-cell is weak,not significantly sterile in N2 or grif-1(ax4524),162.2330427,63.10385796,0.38897044,WBGene00000567,
dars-1,+,+,+,+,+,Group I,Enrichment in ~100-cell is weak,"P0 lethality, could not count sterility in either N2 or grif-1(ax4524)",212.1572417,198.5893825,0.936048098,WBGene00001094,Embryonic lethal
dlat-1,+,+,+,+,+,Group I,,"embryonic lethality, could not count sterility in either N2 or grif-1(ax4524)",90.6518546,122.4351247,1.350608051,WBGene00009082,Embryonic lethal
egg-6,+,+,+,+,+,Group I,Enrichment in ~100-cell is weak,"embryonic lethality, could not count sterility in either N2 or grif-1(ax4524)",43.29997714,2.933485775,0.067747975,WBGene00010621,Embryonic lethal
epg-4,+,-,+,+,+,Group I,RNA localizes to puncta in somatic cells,not significantly sterile in N2 or grif-1(ax4524),36.35695872,15.75771377,0.433416719,WBGene00018150,Embryonic lethal
epg-8,+,+,+,+,+,Group I,Enrichment in ~100-cell is weak,not significantly sterile in N2 or grif-1(ax4524),9.527928689,33.85291664,3.553019522,WBGene00013695,Embryonic lethal
F13B12.6,+,+,+,+,+,Group I,Enrichment in ~100-cell is weak,not significantly sterile in N2 or grif-1(ax4524),90.28191248,123.3573215,1.366356982,WBGene00008733,
F13D12.5,+,+,+,+,+,Group I,Enrichment in ~100-cell is weak,not significantly sterile in N2 or grif-1(ax4524),19.5343809,2.924464234,0.14970857,WBGene00008740,
F30F8.1,+,+,+,-,+,Group I,,not significantly sterile in N2 or grif-1(ax4524),54.72093567,33.82652219,0.618164177,WBGene00009270,
F35G2.1,+,+,+,+,+,Group I,,not significantly sterile in N2 or grif-1(ax4524),24.1152604,10.83535616,0.449315329,WBGene00009435,
F44E2.8,+,+,+,+,+,Group I,Enrichment in ~100-cell is weak,not significantly sterile in N2 or grif-1(ax4524),105.0615101,150.6225444,1.433660569,WBGene00018421,
F56C9.3,+,+,+,+,+,Group I,RNA localizes to puncta in somatic cells,not significantly sterile in N2 or grif-1(ax4524),31.08197611,13.73104046,0.44176858,WBGene00018948,
F56D1.1,+,+,+,+,+,Group I,RNA localizes to puncta in somatic cells,,32.40572957,6.011480366,0.185506713,WBGene00018959,
F58B3.6,+,+,+,+,+,Group I,,not significantly sterile in N2 or grif-1(ax4524),134.0790743,94.68468831,0.706185427,WBGene00010232,
fath-1,+,-,+,+,+,Group I,,not significantly sterile in N2 or grif-1(ax4524),39.14540412,16.00525725,0.408866829,WBGene00007707,
gld-3,+,+,+,+,+,Group I,"RNA localizes to puncta in somatic cells, Enrichment in ~100-cell is weak",synthetic sterility in grif-1(ax4524) strain,195.4001767,288.912115,1.478566293,WBGene00001597,Embryonic lethal
glp-1,+,+,+,+,+,Group I,Enrichment in ~100-cell is weak,"no F1 worms, could not count sterility in either N2 or grif-1(ax4524)",90.56001313,23.95923752,0.264567514,WBGene00001609,Embryonic lethal
gras-1,+,+,+,-,+,Group I,,not significantly sterile in N2 or grif-1(ax4524),30.01169322,15.65471815,0.521620624,WBGene00009272,Embryonic lethal
grif-1,+,+,+,-,+,Group I,,not significantly sterile in N2 or grif-1(ax4524),163.9925685,124.0967997,0.756722093,WBGene00021763,
gtbp-1,+,+,+,+,+,Group I,,synthetic sterility in grif-1(ax4524) strain,265.9645067,322.8198109,1.213770269,WBGene00010677,
gyg-2,+,+,+,+,+,Group I,,not significantly sterile in N2 or grif-1(ax4524),105.2460029,37.46537228,0.355979051,WBGene00012020,Embryonic lethal
hpr-17,+,+,+,+,+,Group I,Enrichment in ~100-cell is weak,not significantly sterile in N2 or grif-1(ax4524),52.64922784,46.24226115,0.87830844,WBGene00001998,
hrde-2,+,+,+,+,+,Group I,Enrichment in ~100-cell is weak,not significantly sterile in N2 or grif-1(ax4524),28.6233522,17.57292544,0.613936667,WBGene00011324,
hrdl-1,+,+,+,+,+,Group I,Enrichment in ~100-cell is weak,not significantly sterile in N2 or grif-1(ax4524),44.40236689,8.048692837,0.181267203,WBGene00002136,Embryonic lethal
ifg-1,+,+,+,-,+,Group I,"RNA localizes to puncta in somatic cells, Enrichment in ~100-cell is weak","P0 lethality, could not count sterility in either N2 or grif-1(ax4524)",679.7841525,1344.694459,1.978119752,WBGene00002066,Embryonic lethal
ikke-1,+,+,+,+,+,Group I,Enrichment in ~100-cell is weak,not significantly sterile in N2 or grif-1(ax4524),34.17487077,19.91410057,0.582711803,WBGene00011299,
imph-1,+,+,+,+,+,Group I,,not significantly sterile in N2 or grif-1(ax4524),53.19259794,53.97612788,1.014730056,WBGene00010908,
kbrl-1,+,+,+,+,+,Group I,,not significantly sterile in N2 or grif-1(ax4524),45.55888985,21.43092639,0.47040054,WBGene00009919,
lotr-1,+,+,+,+,+,Group I,,not significantly sterile in N2 or grif-1(ax4524),73.38355183,46.24233123,0.630145722,WBGene00008385,
M01B12.4,+,+,+,+,+,Group I,RNA localizes to puncta in somatic cells,not significantly sterile in N2 or grif-1(ax4524),108.1765214,92.35525807,0.853745867,WBGene00019697,
mdt-27,+,+,+,+,+,Group I,Enrichment in ~100-cell is weak,not significantly sterile in N2 or grif-1(ax4524),49.32225093,32.86118717,0.666254815,WBGene00007023,Embryonic lethal
men-1,+,+,-,-,+,Group I,Enrichment in ~100-cell is weak,not significantly sterile in N2 or grif-1(ax4524),63.19022941,58.45733029,0.925100776,WBGene00012983,
mex-3,+,+,+,+,+,Group I,"RNA localizes to puncta in somatic cells, Enrichment in ~100-cell is weak","embryonic lethality, could not count sterility in either N2 or grif-1(ax4524)",240.5192244,339.3458131,1.410888522,WBGene00003229,Embryonic lethal
mex-5,+,-,+,-,+,Group I,"RNA localizes to puncta in somatic cells, Enrichment in ~100-cell is weak","embryonic lethality, could not count sterility in either N2 or grif-1(ax4524)",227.7172027,311.9285141,1.369806543,WBGene00003230,Embryonic lethal
mex-6,+,+,-,-,+,Group I,"RNA localizes to puncta in somatic cells, Enrichment in ~100-cell is weak",not significantly sterile in N2 or grif-1(ax4524),146.7507647,182.8842715,1.246223636,WBGene00003231,Embryonic lethal
nos-2,+,+,+,-,+,Group I,,sterility in both N2 and grif-1(ax4524),59.58117489,23.92310344,0.401521177,WBGene00003784,
num-1,+,+,+,+,+,Group I,Enrichment in ~100-cell is weak,not significantly sterile in N2 or grif-1(ax4524),63.86591167,97.19208523,1.521814732,WBGene00003830,
oma-2,+,+,+,+,+,Group I,,not significantly sterile in N2 or grif-1(ax4524),60.82861603,4.016601831,0.066031452,WBGene00003865,Embryonic lethal
pdp-1,+,+,+,+,+,Group I,RNA localizes to puncta in somatic cells,not significantly sterile in N2 or grif-1(ax4524),57.87569364,21.22390319,0.366715314,WBGene00022832,
pst-1,+,+,+,+,+,Group I,"RNA localizes to puncta in somatic cells, Enrichment in ~100-cell is weak",not significantly sterile in N2 or grif-1(ax4524),11.65999934,8.091151825,0.693923866,WBGene00004206,Embryonic lethal
ptr-2,+,+,+,+,+,Group I,,"embryonic lethality, could not count sterility in either N2 or grif-1(ax4524)",48.51860443,4.528067042,0.093326407,WBGene00004217,Embryonic lethal
puf-3,+,+,+,+,+,Group I,Enrichment in ~100-cell is weak,sterility in N2,33.41804346,4.933984492,0.147644326,WBGene00004239,Embryonic lethal
puf-5,+,+,+,+,+,Group I,,not significantly sterile in N2 or grif-1(ax4524),92.02315902,13.41492012,0.145777653,WBGene00004241,Embryonic arrest
puf-6,+,+,+,+,+,Group I,RNA localizes to puncta in somatic cells,sterility in grif-1(ax4524) ,24.32753897,10.03063258,0.41231596,WBGene00004242,
puf-7,+,+,+,+,+,Group I,RNA localizes to puncta in somatic cells,sterility in grif-1(ax4524) ,14.66921423,6.963376605,0.474693225,WBGene00004243,
pup-2,+,+,+,+,+,Group I,,not significantly sterile in N2 or grif-1(ax4524),196.8697494,106.7497374,0.54223535,WBGene00019628,
R74.8,+,+,+,-,+,Group I,,not significantly sterile in N2 or grif-1(ax4524),69.56753807,34.08774552,0.489994996,WBGene00011282,
rbg-3,+,+,+,+,+,Group I,Enrichment in ~100-cell is weak,not significantly sterile in N2 or grif-1(ax4524),48.59700213,9.158960486,0.188467603,WBGene00007167,
rnp-8,+,+,+,-,+,Group I,,not significantly sterile in N2 or grif-1(ax4524),33.00845002,27.3927222,0.829869993,WBGene00020091,
sgt-1,+,+,+,-,+,Group I,RNA localizes to puncta in somatic cells,not significantly sterile in N2 or grif-1(ax4524),122.0185748,262.8080318,2.153836268,WBGene00019893,
simr-1,+,+,+,+,+,Group I,Enrichment in ~100-cell is weak,not significantly sterile in N2 or grif-1(ax4524),22.48029718,9.261090004,0.41196475,WBGene00015504,
snx-6,+,+,+,+,+,Group I,Enrichment in ~100-cell is weak,not significantly sterile in N2 or grif-1(ax4524),91.07807964,108.739766,1.19391808,WBGene00013354,Embryonic lethal
T04A8.7,+,+,+,+,+,Group I,Enrichment in ~100-cell is weak,"no F1 worms, could not count sterility in either N2 or grif-1(ax4524)",30.72642415,16.80287856,0.546854345,WBGene00011409,Embryonic lethal
T04H1.2,+,+,+,+,+,Group I,RNA localizes to puncta in somatic cells,not significantly sterile in N2 or grif-1(ax4524),80.04507414,45.63352946,0.57009791,WBGene00011449,
T05B9.1,+,+,+,+,+,Group I,,not significantly sterile in N2 or grif-1(ax4524),197.050338,235.8458973,1.196881465,WBGene00011464,
T13F2.6,+,+,+,+,+,Group I,Enrichment in ~100-cell is weak,not significantly sterile in N2 or grif-1(ax4524),29.51539624,5.355559542,0.181449691,WBGene00011746,Embryonic lethal
tcc-1,+,+,+,+,+,Group I,RNA localizes to puncta in somatic cells,not significantly sterile in N2 or grif-1(ax4524),108.1344296,16.52451082,0.152814519,WBGene00013340,
tdc-1,+,+,+,+,+,Group I,"RNA localizes to puncta in somatic cells, Enrichment in ~100-cell is weak",not significantly sterile in N2 or grif-1(ax4524),25.96387284,1.99260651,0.07674535,WBGene00006562,
trcs-1,+,+,+,+,+,Group I,Enrichment in ~100-cell is weak,not significantly sterile in N2 or grif-1(ax4524),217.5990529,4.382372164,0.020139666,WBGene00009186,Embryonic lethal
ubxn-4,+,+,+,+,+,Group I,Enrichment in ~100-cell is weak,not significantly sterile in N2 or grif-1(ax4524),138.2368836,240.4088289,1.739107701,WBGene00022703,
unc-11,+,+,+,+,+,Group I,,not significantly sterile in N2 or grif-1(ax4524),26.01039469,44.43634409,1.708407143,WBGene00006751,Embryonic lethal
vps-35,+,+,+,+,+,Group I,"RNA localizes to puncta in somatic cells, Enrichment in ~100-cell is weak","no F1 worms, could not count sterility in either N2 or grif-1(ax4524)",53.52276616,41.0071039,0.766161894,WBGene00006933,
W08E12.7,+,+,+,+,+,Group I,Enrichment in ~100-cell is weak,not significantly sterile in N2 or grif-1(ax4524),310.9650251,456.1390607,1.466850044,WBGene00021088,
wago-1,+,+,+,+,+,Group I,Enrichment in ~100-cell is weak,not significantly sterile in N2 or grif-1(ax4524),426.1652929,357.9443117,0.839918965,WBGene00011061,
xrep-4,+,+,+,+,+,Group I,Enrichment in ~100-cell is weak,not significantly sterile in N2 or grif-1(ax4524),29.38196357,15.67253608,0.533406695,WBGene00018509,
Y18D10A.11,+,+,+,+,+,Group I,Enrichment in ~100-cell is weak,not significantly sterile in N2 or grif-1(ax4524),48.66972648,16.92149722,0.347680138,WBGene00012481,
Y41E3.7,+,+,+,+,+,Group I,,not significantly sterile in N2 or grif-1(ax4524),91.02084612,66.66641293,0.73243016,WBGene00012765,
zif-1,+,+,+,+,+,Group I,,not significantly sterile in N2 or grif-1(ax4524),104.5464911,182.9529931,1.749967801,WBGene00006977,Embryonic lethal
acs-19,-,+,+,+,+,Group I,Enrichment in ~100-cell is weak,not significantly sterile in N2 or grif-1(ax4524),78.63551927,24.12485314,0.306793334,WBGene00007969,
cash-1,-,+,+,+,+,Group I,RNA localizes to puncta in somatic cells,sterility in grif-1(ax4524) ,261.1148313,141.5478514,0.542090431,WBGene00010631,
cgh-1,-,+,+,+,+,Group I,,"no F1 worms, could not count sterility in either N2 or grif-1(ax4524)",283.2796513,231.6028023,0.817576558,WBGene00000479,Embryonic lethal
cpg-2,-,+,+,+,+,Group I,,not significantly sterile in N2 or grif-1(ax4524),86.2100798,3.92083354,0.04547999,WBGene00015102,Embryonic lethal
dab-1,-,+,+,+,+,Group I,Enrichment in ~100-cell is weak,not significantly sterile in N2 or grif-1(ax4524),140.6135449,84.65488825,0.602039358,WBGene00000894,Embryonic lethal
deps-1,-,+,+,+,+,Group I,,sterility in grif-1(ax4524) ,113.7988251,81.05427033,0.71225929,WBGene00022034,Embryonic lethal
eat-6,-,+,+,+,+,Group I,,"no F1 worms, could not count sterility in either N2 or grif-1(ax4524)",142.8216944,14.16335589,0.099168099,WBGene00001137,Embryonic lethal
egg-3,-,+,+,+,+,Group I,,"embryonic lethality, could not count sterility in either N2 or grif-1(ax4524)",48.01429325,6.488695234,0.135140909,WBGene00009701,Embryonic lethal
fbxa-215,-,+,-,-,+,Group I,,not significantly sterile in N2 or grif-1(ax4524),113.5088239,80.37024859,0.708052871,WBGene00012879,
hil-4,-,+,-,-,+,Group I,,not significantly sterile in N2 or grif-1(ax4524),172.422944,268.8467088,1.559228155,WBGene00001855,
hrde-1,-,+,+,+,+,Group I,Enrichment in ~100-cell is weak,not significantly sterile in N2 or grif-1(ax4524),139.3144694,35.59761276,0.255519853,WBGene00007624,
ima-2,-,+,+,+,+,Group I,,"embryonic lethality, could not count sterility in either N2 or grif-1(ax4524)",169.7665289,33.83395523,0.199296972,WBGene00002073,Embryonic lethal
lin-24,-,+,+,+,+,Group I,,not significantly sterile in N2 or grif-1(ax4524),34.21990254,21.04739662,0.615063021,WBGene00003010,
M01H9.3,-,+,+,+,+,Group I,Enrichment in ~100-cell is weak,not significantly sterile in N2 or grif-1(ax4524),29.75000447,59.54118739,2.001384149,WBGene00019719,
maph-1.2,-,+,+,+,+,Group I,Enrichment in ~100-cell is weak,,9.173351647,4.593279825,0.500719912,WBGene00009113,Embryonic lethal
ogdh-1,-,+,+,+,+,Group I,Enrichment in ~100-cell is weak,"P0 sterile, no F1 worms, could not count sterility in either N2 or grif-1(ax4524)",108.4918256,55.08690966,0.507751707,WBGene00020679,Embryonic lethal
patr-1,-,+,+,+,+,Group I,Enrichment in ~100-cell is weak,not significantly sterile in N2 or grif-1(ax4524),917.2353438,807.2461024,0.880086128,WBGene00009661,Embryonic lethal
pos-1,-,+,+,+,+,Group I,RNA localizes to puncta in somatic cells,"embryonic lethality, could not count sterility in either N2 or grif-1(ax4524)",524.6648904,863.8370347,1.646454814,WBGene00004078,Embryonic lethal
prx-19,-,+,+,+,+,Group I,Enrichment in ~100-cell is weak,not significantly sterile in N2 or grif-1(ax4524),80.079755,91.26409548,1.139665019,WBGene00004201,Embryonic lethal
rilp-1,-,+,+,+,+,Group I,Enrichment in ~100-cell is weak,not significantly sterile in N2 or grif-1(ax4524),24.19336206,13.58292201,0.561431767,WBGene00007860,
rml-1,-,+,+,+,+,Group I,"RNA localizes to puncta in somatic cells, Enrichment in ~100-cell is weak","no F1 worms, could not count sterility in either N2 or grif-1(ax4524)",138.5539084,94.66986578,0.683270987,WBGene00010665,Embryonic lethal
sar-1,-,+,+,+,+,Group I,Enrichment in ~100-cell is weak,"P0 lethality, could not count sterility in either N2 or grif-1(ax4524)",58.41109908,90.29186553,1.545799804,WBGene00022678,
skpt-1,-,+,+,-,+,Group I,Enrichment in ~100-cell is weak,not significantly sterile in N2 or grif-1(ax4524),50.79289608,45.45685976,0.894945224,WBGene00018613,
spn-4,-,+,+,+,+,Group I,RNA localizes to puncta in somatic cells,"embryonic lethality, could not count sterility in either N2 or grif-1(ax4524)",324.7588983,320.1318186,0.985752262,WBGene00004984,Embryonic lethal
spsb-2,-,+,+,+,+,Group I,,not significantly sterile in N2 or grif-1(ax4524),23.63609441,6.682359351,0.282718424,WBGene00021596,
syp-4,-,+,+,+,+,Group I,,not significantly sterile in N2 or grif-1(ax4524),22.26074149,3.914400463,0.17584322,WBGene00019247,
tag-340,-,+,+,+,+,Group I,Enrichment in ~100-cell is weak,not significantly sterile in N2 or grif-1(ax4524),24.05430246,6.602726471,0.274492535,WBGene00017826,
Y110A2AR.1,-,+,+,+,+,Group I,Enrichment in ~100-cell is weak,not significantly sterile in N2 or grif-1(ax4524),40.56256303,6.131021852,0.151149765,WBGene00022452,
abhd-12,-,-,+,-,+,Group I,,not significantly sterile in N2 or grif-1(ax4524),62.53785773,8.446331555,0.135059496,WBGene00022393,
aipl-1,-,-,+,+,+,Group I,Enrichment in ~100-cell is weak,not significantly sterile in N2 or grif-1(ax4524),320.0753718,231.8860925,0.724473399,WBGene00010685,
arl-8,-,-,+,-,+,Group I,Enrichment in ~100-cell is weak,not significantly sterile in N2 or grif-1(ax4524),63.23738591,70.86566525,1.120629264,WBGene00000192,Embryonic lethal
clec-88,-,-,+,+,+,Group I,,not significantly sterile in N2 or grif-1(ax4524),189.1027425,92.1610166,0.487359492,WBGene00019606,
F21D5.1,-,-,+,+,+,Group I,RNA localizes to puncta in somatic cells,"no F1 worms, could not count sterility in either N2 or grif-1(ax4524)",153.0257215,142.9420812,0.934104932,WBGene00009006,Embryonic lethal
gln-6,-,-,+,-,+,Group I,,not significantly sterile in N2 or grif-1(ax4524),204.7163955,110.8204588,0.541336509,WBGene00001607,Embryonic lethal
inft-2,-,-,+,+,+,Group I,Enrichment in ~100-cell is weak,not significantly sterile in N2 or grif-1(ax4524),84.88037513,58.60035071,0.690387509,WBGene00008848,
inx-14,-,-,+,+,+,Group I,Enrichment in ~100-cell is weak,sterility in both N2 and grif-1(ax4524),24.86601982,6.761822044,0.271930212,WBGene00002136,Embryonic lethal
osta-3,-,-,+,+,+,Group I,,not significantly sterile in N2 or grif-1(ax4524),18.3792452,6.804076289,0.370204337,WBGene00012182,
panl-3,-,-,+,+,+,Group I,Enrichment in ~100-cell is weak,,220.0402014,243.5996964,1.107069049,WBGene00014015,
rle-1,-,-,+,+,+,Group I,Enrichment in ~100-cell is weak,not significantly sterile in N2 or grif-1(ax4524),75.49219116,56.15311452,0.743826794,WBGene00010923,Embryonic lethal
rmd-1,-,-,+,+,+,Group I,RNA localizes to puncta in somatic cells,"embryonic lethality, could not count sterility in either N2 or grif-1(ax4524)",113.7788591,50.61680057,0.444869996,WBGene00011501,Embryonic lethal
scav-2,-,-,+,-,+,Group I,,not significantly sterile in N2 or grif-1(ax4524),22.05143253,4.061704249,0.184192308,WBGene00013578,
spat-1,-,-,+,+,+,Group I,,not significantly sterile in N2 or grif-1(ax4524),100.6623839,99.40218578,0.987480943,WBGene00010198,
sur-6,-,-,+,+,+,Group I,Enrichment in ~100-cell is weak,"embryonic lethality, could not count sterility in either N2 or grif-1(ax4524)",292.539606,381.6025485,1.304447469,WBGene00006352,Embryonic lethal
T26A8.1,-,-,+,+,+,Group I,,not significantly sterile in N2 or grif-1(ax4524),48.73102171,11.57900329,0.237610518,WBGene00020824,
zipt-15,-,-,+,-,+,Group I,,not significantly sterile in N2 or grif-1(ax4524),34.97063528,15.47994457,0.442655515,WBGene00021936,
atp-2,-,-,-,+,+,Group I,,"P0 lethality, could not count sterility in either N2 or grif-1(ax4524)",1058.906429,749.7501585,0.708041936,WBGene00000229,Embryonic lethal
B0393.3,-,-,-,+,+,Group I,Enrichment in ~100-cell is weak,not significantly sterile in N2 or grif-1(ax4524),384.7093274,430.3132326,1.1185412,WBGene00007168,
clec-87,-,-,-,+,+,Group I,,not significantly sterile in N2 or grif-1(ax4524),628.8146945,700.2991288,1.11368124,WBGene00007709,
eef-1G,-,-,-,+,+,Group I,Enrichment in ~100-cell is weak,"P0 lethality, could not count sterility in either N2 or grif-1(ax4524)",868.2863334,205.7358538,0.23694471,WBGene00008920,Embryonic lethal
ZK829.9,-,-,-,+,+,Group I,,not significantly sterile in N2 or grif-1(ax4524),56.58685143,1.812882916,0.032037176,WBGene00014097,
acs-4,+,+,+,+,-,Group II,,,119.2478022,92.87544838,0.77884411,WBGene00018152,Embryonic lethal
alfa-1,+,+,+,+,-,Group II,,,68.21549339,44.24207534,0.648563444,WBGene00017547,
algn-9,+,+,+,+,-,Group II,,,31.85092799,16.06640203,0.504424927,WBGene00007556,
arx-2,+,+,+,+,-,Group II,,,102.3036599,98.33118778,0.961169795,WBGene00000200,Embryonic lethal
atf-7,+,+,+,+,-,Group II,,,261.6750431,157.2807359,0.601053635,WBGene00000223,
atg-18,+,+,+,+,-,Group II,,,206.7189418,323.6401201,1.565604571,WBGene00018294,
atx-2,+,+,+,+,-,Group II,,,458.5085009,792.388575,1.728187315,WBGene00000231,Embryonic lethal
bet-2,+,+,-,-,-,Group II,,,727.9144048,773.1508838,1.062145327,WBGene00010199,
C03A3.2,+,+,-,-,-,Group II,,,6.810438522,3.290882564,0.483211551,WBGene00007267,
C04B4.2,+,+,+,+,-,Group II,,,28.39673388,1.349495112,0.047522899,WBGene00007290,
C05C10.5,+,+,+,+,-,Group II,,,187.8617516,306.6179899,1.632146977,WBGene00007332,Embryonic lethal
C13F10.7,+,+,+,-,-,Group II,,,130.5157119,132.1920683,1.012844097,WBGene00015746,Embryonic lethal
C14B1.9,+,+,+,+,-,Group II,RNA localizes to puncta in somatic cells,,25.40528923,1.188459073,0.046779986,WBGene00007580,Embryonic lethal
C23G10.7,+,+,+,+,-,Group II,,,39.89479099,26.93033515,0.67503387,WBGene00016014,
C27D9.1,+,+,+,+,-,Group II,,,8.291904115,1.753085571,0.211421351,WBGene00016163,Embryonic lethal
C47D12.2,+,+,+,+,-,Group II,,,121.4866368,84.00011091,0.691434985,WBGene00008136,
cam-1,+,+,+,-,-,Group II,,,330.574312,264.635211,0.800531685,WBGene00000289,
catp-6,+,+,+,+,-,Group II,,,36.41790495,2.524331863,0.06931568,WBGene00012341,
cct-6,+,+,+,+,-,Group II,,,171.6498972,167.529995,0.975998225,WBGene00000381,Embryonic lethal
cct-8,+,+,+,-,-,Group II,,,172.8101781,237.2076749,1.37264875,WBGene00021934,Embryonic lethal
cdc-14,+,+,+,+,-,Group II,,,366.1321302,314.4995359,0.858978248,WBGene00000383,Embryonic lethal
ced-3,+,+,+,+,-,Group II,,,72.37456547,53.00785419,0.732409982,WBGene00000417,
cey-2,+,+,+,-,-,Group II,,,236.6623209,47.32113192,0.199952116,WBGene00000473,
chc-1,+,+,+,+,-,Group II,RNA localizes to puncta in somatic cells,,524.655949,715.146302,1.363076705,WBGene00011867,Embryonic lethal
clr-1,+,+,+,+,-,Group II,,,109.9682023,20.01943983,0.182047532,WBGene00000548,
copb-1,+,+,+,+,-,Group II,,,223.1837908,250.4918086,1.122356636,WBGene00021292,Embryonic lethal
copd-1,+,+,+,+,-,Group II,,,165.2032679,187.6286706,1.135744304,WBGene00015734,
cpg-4,+,+,+,+,-,Group II,,,26.09605848,0.539505866,0.020673845,WBGene00015677,
cpt-1,+,+,+,-,-,Group II,,,261.0233412,96.9960488,0.371599139,WBGene00012907,
cra-1,+,+,+,+,-,Group II,,,64.17821161,41.76714536,0.650799458,WBGene00020068,Embryonic lethal
csr-1,+,+,-,+,-,Group II,,,31.3816861,23.55849092,0.750708258,WBGene00017641,Embryonic lethal
ctf-4,+,+,+,+,-,Group II,,,381.3497737,585.3748092,1.535007622,WBGene00008921,Embryonic lethal
ctns-1,+,+,+,+,-,Group II,,,14.88993433,0.634904515,0.042639847,WBGene00008052,
cyld-1,+,+,+,+,-,Group II,,,60.29737799,36.87540176,0.61155896,WBGene00009594,
cyn-7,+,+,+,+,-,Group II,,,449.0946357,355.3902775,0.791348302,WBGene00000883,Embryonic lethal
D1044.6,+,+,+,+,-,Group II,,,69.11697492,18.60082628,0.269120955,WBGene00017031,
D2023.6,+,+,+,+,-,Group II,,,16.65533017,2.120371763,0.1273089,WBGene00008410,
daf-18,+,+,+,+,-,Group II,,,491.5196549,374.5089192,0.761940882,WBGene00000913,
dnj-5,+,+,+,+,-,Group II,,,310.882202,134.7653861,0.433493411,WBGene00001023,
ech-1.2,+,-,+,-,-,Group II,RNA localizes to puncta in somatic cells,,312.1353159,243.4679148,0.780007588,WBGene00020347,
efr-3,+,+,+,+,-,Group II,,,61.60239253,29.36133565,0.476626547,WBGene00016311,Embryonic lethal
ekl-6,+,+,+,-,-,Group II,,,170.7572321,161.6830529,0.946859181,WBGene00011806,
enpl-1,+,+,+,+,-,Group II,,,414.7606394,146.7166263,0.353738066,WBGene00011480,Embryonic lethal
erfa-3,+,+,+,+,-,Group II,,,206.0085111,247.5926359,1.201856344,WBGene00010405,Embryonic lethal
F07F6.4,+,+,+,-,-,Group II,,,124.0687675,236.5019405,1.906216571,WBGene00017217,
F20D1.3,+,+,+,+,-,Group II,,,56.66001947,119.5110478,2.109265915,WBGene00008975,
F26E4.4,+,+,+,+,-,Group II,,,103.0078107,62.23324553,0.604160453,WBGene00009159,Embryonic lethal
F35C11.5,+,+,+,+,-,Group II,,,17.27126628,0.418118724,0.024208921,WBGene00009404,
F49C12.9,+,+,+,+,-,Group II,,,127.5989332,159.3007112,1.248448613,WBGene00009878,
F56A11.5,+,+,+,+,-,Group II,,,23.004508,8.613262606,0.374416293,WBGene00018925,
F56A8.3,+,+,+,+,-,Group II,,,125.5261421,212.9706504,1.696623881,WBGene00010139,Embryonic lethal
F56C9.10,+,+,+,+,-,Group II,,,410.9727572,500.3096033,1.217378998,WBGene00018953,
F58G11.3,+,+,+,+,-,Group II,,,9.342891574,76.97031324,8.238382371,WBGene00010281,
F59E12.9,+,+,+,+,-,Group II,,,127.0272688,147.8959186,1.164284803,WBGene00019124,
farl-11,+,+,+,-,-,Group II,,,117.2663648,110.1336155,0.939174807,WBGene00017349,
fecl-1,+,+,+,-,-,Group II,,,32.44060561,15.84185261,0.488334059,WBGene00010645,
fsn-1,+,+,+,+,-,Group II,,,94.53744193,29.71489135,0.314318758,WBGene00001499,
fubl-1,+,+,+,+,-,Group II,,,26.85733055,244.2336555,9.09374277,WBGene00007534,
fzr-1,+,+,+,+,-,Group II,,,232.6716851,319.1298,1.371588468,WBGene00001510,
gap-3,+,+,+,+,-,Group II,,,26.08779751,12.25448129,0.469739973,WBGene00021238,
gars-1,+,+,+,+,-,Group II,,,139.6380479,118.0393403,0.845323621,WBGene00001744,Embryonic lethal
gex-3,+,-,+,-,-,Group II,,,121.4395906,87.64296424,0.721700096,WBGene00001580,Embryonic lethal
gld-2,+,+,+,+,-,Group II,,,85.07992009,60.25100879,0.708169551,WBGene00001596,Embryonic lethal
glp-4,+,+,+,+,-,Group II,,,104.2839626,91.79487959,0.880239658,WBGene00006936,Embryonic lethal
gon-14,+,+,+,+,-,Group II,,,134.1185529,125.0369574,0.932286807,WBGene00002148,
gon-4,+,+,+,+,-,Group II,,,182.7519681,117.7330791,0.644223317,WBGene00001653,Embryonic lethal
gpi-1,+,+,+,+,-,Group II,,,77.891684,92.95615683,1.193402839,WBGene00013597,Embryonic lethal
haf-3,+,+,+,+,-,Group II,,,51.38302212,39.90441907,0.776607086,WBGene00001813,
hmp-1,+,+,+,+,-,Group II,,,269.9851968,231.2693364,0.856600062,WBGene00001978,Embryonic lethal
hpo-9,+,+,+,+,-,Group II,,,97.10618298,35.34276481,0.363959984,WBGene00015463,Embryonic lethal
hsp-110,+,+,+,-,-,Group II,,,199.605285,211.1295959,1.0577355,WBGene00016250,Embryonic lethal
hxk-1,+,+,+,+,-,Group II,RNA localizes to puncta in somatic cells,,102.9882637,60.0015054,0.582605272,WBGene00008780,Embryonic lethal
idh-1,+,+,+,+,-,Group II,,,312.7655848,444.4998389,1.421191654,WBGene00010317,
iffb-1,+,+,+,+,-,Group II,,,121.251685,206.6532204,1.704332772,WBGene00021857,Embryonic lethal
imp-2,+,+,+,+,-,Group II,,,135.4917158,62.40100163,0.460552155,WBGene00011481,Embryonic lethal
inf-1,+,+,+,-,-,Group II,,,610.710471,1315.346708,2.153797537,WBGene00002083,Embryonic lethal
jmjd-2,+,+,+,+,-,Group II,,,170.6884166,233.6824852,1.369058837,WBGene00012982,
K07H8.2,+,+,+,+,-,Group II,,,43.74567754,7.426762646,0.169771348,WBGene00019504,Embryonic lethal
kin-4,+,+,+,-,-,Group II,,,225.4361217,151.0095316,0.669855081,WBGene00002192,
lap-2,+,+,+,+,-,Group II,,,118.1536151,164.1657475,1.389426361,WBGene00002250,
larp-1,+,+,+,-,-,Group II,,,365.9350595,386.1261033,1.055176576,WBGene00020097,Embryonic lethal
lat-1,+,+,+,+,-,Group II,,,127.8686012,29.39583058,0.229890922,WBGene00002251,Embryonic lethal
lst-4,+,+,+,+,-,Group II,,,79.70206184,65.50700334,0.821898478,WBGene00003086,Embryonic lethal
meg-3,+,+,+,+,-,Group II,,,123.0431498,103.8639647,0.844126348,WBGene00001569,
met-1,+,+,+,-,-,Group II,,,375.2618549,491.4206986,1.30954077,WBGene00016603,
mrp-4,+,+,+,+,-,Group II,,,65.89718872,9.900318706,0.150238863,WBGene00003410,
nars-1,+,+,+,+,-,Group II,,,73.27753585,88.54619,1.208367462,WBGene00003815,Embryonic lethal
natc-1,+,+,+,+,-,Group II,,,83.6074035,62.84238044,0.751636551,WBGene00020719,Embryonic lethal
nhr-66,+,+,+,+,-,Group II,RNA localizes to puncta in somatic cells,,44.16674959,19.55395747,0.442730281,WBGene00003656,
nra-2,+,+,+,-,-,Group II,,,109.9629914,51.05388326,0.464282415,WBGene00011488,
nsf-1,+,+,+,+,-,Group II,,,156.8910505,197.9474537,1.26168735,WBGene00003818,Embryonic lethal
ntl-4,+,+,+,-,-,Group II,,,222.9962338,303.1241224,1.359323955,WBGene00003827,Embryonic lethal
ntl-9,+,-,+,+,-,Group II,,,96.72051338,167.428631,1.731056062,WBGene00016139,Embryonic lethal
ola-1,+,+,+,+,-,Group II,,,200.6378193,192.7522333,0.96069741,WBGene00012344,Embryonic lethal
oma-1,+,+,+,+,-,Group II,,,93.59152003,202.2504568,2.16099126,WBGene00003864,Embryonic lethal
orc-1,+,+,+,+,-,Group II,,,160.6871269,155.5008669,0.967724484,WBGene00012650,Embryonic lethal
pak-2,+,+,+,+,-,Group II,,,86.76970325,30.03992154,0.346202884,WBGene00006443,
pal-1,+,-,+,-,-,Group II,RNA localizes to puncta in somatic cells,,142.3475135,145.4688746,1.021927753,WBGene00003912,Embryonic lethal
pap-1,+,+,+,+,-,Group II,,,257.204915,236.3573437,0.918945673,WBGene00012528,Embryonic lethal
par-3,+,+,+,+,-,Group II,RNA localizes to puncta in somatic cells,,311.1652795,198.6694214,0.638469118,WBGene00003918,Embryonic lethal
pcaf-1,+,+,+,-,-,Group II,,,124.6023892,158.431937,1.271499993,WBGene00021636,
pfkb-1.2,+,+,+,+,-,Group II,RNA localizes to puncta in somatic cells,,155.3772544,193.9642192,1.248343716,WBGene00019295,
pigv-1,+,+,+,+,-,Group II,,,174.628348,123.9432977,0.70975474,WBGene00020375,Embryonic lethal
pitr-1,+,+,+,+,-,Group II,,,35.39335064,1.946581264,0.054998502,WBGene00016739,Embryonic lethal
plp-1,+,+,+,+,-,Group II,,,216.2575631,156.1985367,0.722280111,WBGene00004046,
plst-1,+,+,+,-,-,Group II,,,41.06815478,48.08677394,1.170901741,WBGene00022425,
pod-1,+,+,+,+,-,Group II,,,310.3704849,339.0824502,1.092508685,WBGene00004075,Embryonic lethal
ppm-1.A,+,+,+,+,-,Group II,,,149.590315,120.1720117,0.803340856,WBGene00006460,
prom-1,+,+,+,+,-,Group II,,,15.99770798,4.128912465,0.258094001,WBGene00009173,
ptc-1,+,+,+,+,-,Group II,RNA localizes to puncta in somatic cells,,116.426584,8.485406067,0.072882032,WBGene00004208,Embryonic lethal
pyk-1,+,+,+,+,-,Group II,,,90.87201573,58.96858093,0.648919037,WBGene00009126,Embryonic lethal
pzf-1,+,+,+,+,-,Group II,,,8.558807018,0.404994623,0.047319051,WBGene00011505,
rab-1,+,+,+,+,-,Group II,,,140.6331702,276.0535832,1.962933658,WBGene00004266,Embryonic lethal
rab-11.1,+,+,+,+,-,Group II,,,265.048377,360.7332632,1.361009138,WBGene00004274,Embryonic lethal
ran-3,+,+,+,+,-,Group II,,,241.3761078,224.7981419,0.931318944,WBGene00004304,Embryonic lethal
ret-1,+,+,+,+,-,Group II,RNA localizes to puncta in somatic cells,,150.6295237,370.9833747,2.462886196,WBGene00004336,
rme-1,+,+,+,+,-,Group II,,,138.1286468,130.5182576,0.944903614,WBGene00004373,
rme-2,+,+,+,+,-,Group II,,,32.0785046,0.717234027,0.022358711,WBGene00004374,Embryonic lethal
rme-8,+,+,+,-,-,Group II,,,145.0053085,60.27391161,0.415666931,WBGene00004378,Embryonic lethal
rpoa-2,+,+,+,+,-,Group II,,,134.2274593,96.70577423,0.720461929,WBGene00008781,Embryonic lethal
sec-24.1,+,+,+,+,-,Group II,,,234.327133,299.6802414,1.278896889,WBGene00004755,
sel-2,+,+,-,+,-,Group II,,,480.1378164,276.5688481,0.576019715,WBGene00004760,
smc-6,+,+,+,+,-,Group II,,,191.9191273,124.5583366,0.649014709,WBGene00010056,Embryonic lethal
snx-13,+,+,+,+,-,Group II,,,44.06984425,6.06965192,0.137728009,WBGene00013803,
sqv-5,+,+,+,+,-,Group II,,,61.52272347,9.653051811,0.156902219,WBGene00005023,Embryonic lethal
sqv-7,+,+,+,+,-,Group II,,,12.74617059,3.96852266,0.311350192,WBGene00005025,Embryonic lethal
srgp-1,+,+,+,-,-,Group II,,,427.2444635,293.5632194,0.687108306,WBGene00006406,
srpa-72,+,+,+,+,-,Group II,,,157.4454086,165.0599979,1.048363362,WBGene00017245,Embryonic lethal
stt-3,+,-,-,-,-,Group II,,,263.5392453,79.67198656,0.302315454,WBGene00020437,Embryonic lethal
suco-1,+,+,+,+,-,Group II,RNA localizes to puncta in somatic cells,,45.18933813,6.762413313,0.149646213,WBGene00020031,
szy-4,+,+,+,+,-,Group II,,,17.05095116,1.342360834,0.078726449,WBGene00077732,Embryonic lethal
T05E7.3,+,+,+,+,-,Group II,,,50.41514259,43.60657427,0.864949934,WBGene00020259,
T05H10.1,+,+,+,+,-,Group II,RNA localizes to puncta in somatic cells,,63.9908048,34.9289738,0.54584364,WBGene00011507,
T13C2.6,+,+,+,+,-,Group II,,,78.36745377,19.06373275,0.243260841,WBGene00020481,Embryonic lethal
T22F3.2,+,+,+,+,-,Group II,,,48.01957328,43.60707425,0.908110407,WBGene00020695,
taf-5,+,+,+,-,-,Group II,,,110.4838651,134.248111,1.215092456,WBGene00006386,Embryonic lethal
tam-1,+,+,+,+,-,Group II,,,616.3782749,379.1256,0.615085923,WBGene00006523,Embryonic lethal
tiar-1,+,+,+,-,-,Group II,RNA localizes to puncta in somatic cells,,498.963261,714.0989756,1.431165441,WBGene00015943,Embryonic lethal
tmem-131,+,+,+,+,-,Group II,RNA localizes to puncta in somatic cells,,160.6811928,38.15394317,0.237451207,WBGene00016170,Embryonic lethal
tol-1,+,+,+,+,-,Group II,,,104.6430247,21.67594246,0.207141781,WBGene00006593,Embryonic lethal
tre-1,+,+,+,+,-,Group II,RNA localizes to puncta in somatic cells,,31.04475213,6.457031593,0.207991082,WBGene00006607,Embryonic lethal
trpp-10,+,+,+,-,-,Group II,,,26.25100302,17.24330783,0.656862818,WBGene00022138,
uba-1,+,+,+,+,-,Group II,RNA localizes to puncta in somatic cells,,441.7741655,331.4679044,0.750310748,WBGene00006699,Embryonic lethal
ubxn-3,+,+,+,+,-,Group II,,,395.738631,522.7340609,1.320907336,WBGene00018586,Embryonic lethal
unc-37,+,+,+,-,-,Group II,,,873.6001662,1421.261555,1.626901654,WBGene00006773,Embryonic lethal
unc-40,+,+,+,+,-,Group II,,,140.2263734,30.39547091,0.216760016,WBGene00006776,
vgln-1,+,+,+,+,-,Group II,,,1616.012857,2589.769653,1.602567481,WBGene00007463,
vha-13,+,+,+,+,-,Group II,,,192.6718774,261.2706384,1.356039303,WBGene00013025,Embryonic lethal
vha-7,+,+,+,+,-,Group II,,,22.10433917,9.776862519,0.442305126,WBGene00006916,
vps-15,+,+,+,+,-,Group II,,,177.6226418,125.9431849,0.70904916,WBGene00014151,
vps-39,+,+,+,+,-,Group II,,,183.3325029,159.9855489,0.872652401,WBGene00011625,Embryonic lethal
wee-1.3,+,-,-,-,-,Group II,,,134.5187711,99.41196957,0.739019311,WBGene00006940,Embryonic lethal
wht-2,+,+,+,+,-,Group II,,,62.94342353,60.87175899,0.967086879,WBGene00007513,
xpc-1,+,+,+,-,-,Group II,RNA localizes to puncta in somatic cells,,89.44329645,75.94048965,0.849035005,WBGene00022296,
Y39E4B.5,+,+,+,+,-,Group II,,,20.25380079,5.534415274,0.27325317,WBGene00012716,
Y41D4A.4,+,+,+,-,-,Group II,,,46.75964095,19.16257436,0.409810126,WBGene00021506,
Y50D7A.3,+,+,+,-,-,Group II,,,84.10772106,38.71578726,0.460311928,WBGene00021753,
Y57A10A.31,+,+,+,-,-,Group II,,,97.29974259,66.2178247,0.680554983,WBGene00013270,
Y71F9AL.9,+,+,+,+,-,Group II,,,360.3122718,630.1750493,1.748969154,WBGene00022114,
Y73B3A.1,+,+,+,+,-,Group II,,,39.73427284,29.5611961,0.743972243,WBGene00022203,
ZC53.1,+,+,+,+,-,Group II,,,7.809268017,2.688454586,0.344264607,WBGene00022508,
zer-1,+,+,+,+,-,Group II,,,162.7936916,144.0784701,0.885037182,WBGene00020762,
zfp-1,+,+,+,+,-,Group II,,,326.9460256,343.8296752,1.05164048,WBGene00006975,
zyg-11,+,+,+,+,-,Group II,RNA localizes to puncta in somatic cells,,150.5764396,80.8483963,0.53692594,WBGene00006996,Embryonic lethal
aka-1,-,+,+,+,-,Group II,,,170.7983186,181.1657393,1.060699782,WBGene00000101,
C01G8.1,-,+,+,+,-,Group II,,,62.2749272,0.525568869,0.008439494,WBGene00015312,
C18D11.3,-,+,+,+,-,Group II,,,42.46849003,22.11594711,0.520761324,WBGene00007681,
C31H1.8,-,+,+,+,-,Group II,,,36.85155832,4.913023149,0.133319278,WBGene00016291,Embryonic lethal
C55A6.1,-,+,+,+,-,Group II,RNA localizes to puncta in somatic cells,,64.28387176,42.015179,0.653588184,WBGene00008330,
car-1,-,+,+,+,-,Group II,RNA localizes to puncta in somatic cells,,153.5304399,169.2617327,1.102463673,WBGene00012484,Embryonic lethal
cars-1,-,+,+,+,-,Group II,,,208.6727193,128.7343336,0.616919806,WBGene00000800,Embryonic lethal
cct-1,-,+,+,-,-,Group II,,,371.6083765,257.7344163,0.693564603,WBGene00000377,Embryonic lethal
cct-2,-,+,+,+,-,Group II,,,192.3900197,192.3187923,0.999629776,WBGene00000378,Embryonic lethal
cdc-25.2,-,+,+,+,-,Group II,,,346.4110091,416.6423332,1.202739873,WBGene00000387,Embryonic lethal
cpb-3,-,+,+,+,-,Group II,,,74.02645824,78.81190072,1.064645028,WBGene00000772,Embryonic lethal
cul-3,-,+,+,+,-,Group II,,,217.2354243,99.00231237,0.455737423,WBGene00000838,Embryonic lethal
eif-2A,-,+,+,+,-,Group II,,,306.841943,170.7681249,0.556534492,WBGene00008480,Embryonic lethal
epn-1,-,+,+,+,-,Group II,,,304.2999325,449.9897531,1.478770466,WBGene00001329,Embryonic lethal
F40H3.1,-,+,+,+,-,Group II,,,4.193567588,3.476557899,0.829021549,WBGene00018249,
F53C11.5,-,+,+,+,-,Group II,,,77.81523857,69.00716601,0.886807871,WBGene00009975,
gei-17,-,+,+,+,-,Group II,,,22.98252784,91.21343495,3.968816467,WBGene00001574,Embryonic lethal
gen-1,-,+,+,+,-,Group II,,,30.20662769,7.244283927,0.239824319,WBGene00020442,Embryonic lethal
H34C03.2,-,+,+,+,-,Group II,,,265.7259029,272.9016285,1.027004238,WBGene00019259,
hinf-1,-,+,+,+,-,Group II,RNA localizes to puncta in somatic cells,,369.7787593,628.8436949,1.700594421,WBGene00009553,Embryonic lethal
hsp-6,-,+,+,-,-,Group II,RNA localizes to puncta in somatic cells,,208.1354967,188.6952781,0.906598255,WBGene00002010,Embryonic lethal
ing-3,-,+,+,+,-,Group II,,,81.90017873,82.70277535,1.009799693,WBGene00013095,Embryonic lethal
K10C3.4,-,+,+,+,-,Group II,,,91.92051466,41.80120664,0.454753836,WBGene00010731,
kars-1,-,+,+,+,-,Group II,,,228.7504088,159.8542688,0.698815227,WBGene00002238,Embryonic lethal
lea-1,-,+,+,-,-,Group II,,,213.0926823,480.3404137,2.254138474,WBGene00002263,
let-526,-,+,+,+,-,Group II,,,951.1326412,860.5247629,0.904736864,WBGene00002583,Embryonic lethal
let-711,-,+,+,+,-,Group II,,,1135.156697,882.6787233,0.777583153,WBGene00002845,Embryonic lethal
mau-2,-,+,-,+,-,Group II,RNA localizes to puncta in somatic cells,,50.53528161,61.94709022,1.225818641,WBGene00003136,Embryonic lethal
mdh-2,-,+,-,-,-,Group II,,,44.20343845,98.83650351,2.235946048,WBGene00003162,Embyronic lethal
mvk-1,-,+,+,+,-,Group II,,,203.3090465,184.250239,0.906256963,WBGene00021534,Embryonic lethal
ncl-1,-,+,+,+,-,Group II,,,207.0248108,193.7627801,0.935939897,WBGene00003559,
nhl-2,-,+,+,-,-,Group II,,,225.3311954,177.9224722,0.789604262,WBGene00003598,
nmt-1,-,+,+,+,-,Group II,,,129.7335908,195.3492334,1.505772192,WBGene00020549,Embryonic lethal
npp-9,-,+,+,+,-,Group II,RNA localizes to puncta in somatic cells,,238.3535499,139.1725361,0.583891182,WBGene00003795,Embryonic lethal
pdi-1,-,+,+,+,-,Group II,,,369.1857709,159.2513944,0.43135843,WBGene00003962,
pqn-59,-,+,+,+,-,Group II,,,991.2275892,1600.976212,1.615144927,WBGene00004143,Embryonic lethal
pqn-65,-,+,-,-,-,Group II,,,544.6375409,470.6232751,0.864103628,WBGene00004148,
pyc-1,-,+,+,+,-,Group II,,,65.77455469,61.12927964,0.929375804,WBGene00004258,
pygl-1,-,+,+,-,-,Group II,,,80.06039061,101.9418172,1.273311514,WBGene00020696,Embryonic lethal
R07E5.7,-,+,+,-,-,Group II,,,71.78005066,51.78425395,0.72142961,WBGene00011115,
R09F10.8,-,+,+,+,-,Group II,,,52.19065274,21.11002446,0.404479027,WBGene00019989,Embryonic lethal
R11H6.2,-,+,+,+,-,Group II,,,69.51106253,36.58952833,0.526384247,WBGene00011250,
R186.3,-,+,+,+,-,Group II,,,30.56319112,16.56202786,0.541894588,WBGene00011306,Embryonic lethal
rab-6.1,-,+,+,+,-,Group II,,,22.87848969,13.64212633,0.596286141,WBGene00004269,Embryonic lethal
rict-1,-,+,+,+,-,Group II,,,111.6317829,69.05895337,0.618631644,WBGene00009245,
rsks-1,-,+,+,+,-,Group II,,,243.8009963,226.9782472,0.93099803,WBGene00012929,
sec-61,-,+,+,+,-,Group II,,,364.1668017,276.2991415,0.758715897,WBGene00013311,Embryonic lethal
sel-5,-,+,+,+,-,Group II,,,84.41304775,61.03626569,0.723066722,WBGene00004762,Embryonic lethal
T21C9.13,-,+,-,+,-,Group II,,,42.75603607,37.92447574,0.886997,WBGene00011898,
tars-1,-,+,+,+,-,Group II,,,150.9284265,102.5666443,0.679571415,WBGene00006617,Embryonic lethal
tsg-101,-,+,+,+,-,Group II,,,86.07013337,135.0027451,1.568520227,WBGene00015658,Embryonic lethal
tufm-1,-,+,+,+,-,Group II,,,149.7131102,93.52990422,0.624727548,WBGene00007000,Embryonic lethal
ubc-20,-,+,+,+,-,Group II,,,62.8217727,105.5413976,1.680013044,WBGene00006715,
ubxn-6,-,+,+,+,-,Group II,,,160.0020415,167.79696,1.048717619,WBGene00019163,
wdr-20,-,+,+,+,-,Group II,,,135.5278065,45.20785185,0.33356883,WBGene00007428,Embryonic lethal
Y46G5A.18,-,+,+,+,-,Group II,,,123.7542247,136.3620454,1.101877901,WBGene00012908,
Y47D9A.1,-,+,+,+,-,Group II,,,54.59346944,35.61374817,0.652344475,WBGene00021628,
Y75B8A.24,-,+,-,-,-,Group II,,,116.8424876,55.81554013,0.477699006,WBGene00013557,
zipt-7.1,-,+,+,+,-,Group II,,,24.95835381,0.802097038,0.032137418,WBGene00044067,
ZK616.5,-,+,+,+,-,Group II,,,10.80792661,3.331234425,0.308221414,WBGene00022775,
ZK829.7,-,+,+,+,-,Group II,,,77.17182657,49.63499408,0.643175059,WBGene00014096,
zyg-9,-,+,+,+,-,Group II,,,578.4963127,591.8489486,1.023081627,WBGene00006994,Embryonic lethal
aco-2,-,-,+,+,-,Group II,,,166.0145673,97.17137121,0.585318342,WBGene00000041,Embryonic lethal
acs-13,-,-,+,+,-,Group II,,,178.8448705,140.6964244,0.78669533,WBGene00022037,
akir-1,-,-,+,+,-,Group II,,,170.2911938,338.1593736,1.985771349,WBGene00017088,Embryonic lethal
atp-1,-,-,+,+,-,Group II,,,521.4135747,816.2521438,1.565460094,WBGene00010419,Embryonic lethal
atp-5,-,-,+,+,-,Group II,,,254.5579538,224.3057885,0.881158043,WBGene00007385,Embryonic lethal
C17H12.2,-,-,+,+,-,Group II,,,55.08139042,11.06731645,0.200926599,WBGene00015928,
C25A1.1,-,-,+,-,-,Group II,,,129.1059608,280.4702926,2.172403899,WBGene00007705,
cav-1,-,-,+,-,-,Group II,,,3247.94846,4208.933288,1.295874408,WBGene00000301,
cey-1,-,-,+,+,-,Group II,,,371.1744797,562.918895,1.516588359,WBGene00000472,
cpg-1,-,-,+,+,-,Group II,RNA localizes to puncta in somatic cells,,264.5950479,3.060326438,0.011566076,WBGene00000465,Embryonic lethal
dcn-1,-,-,+,-,-,Group II,,,163.399109,344.2159864,2.106596471,WBGene00010428,Embryonic lethal
ect-2,-,-,+,+,-,Group II,,,224.1807802,210.4367213,0.938692073,WBGene00002297,Embryonic lethal
epc-1,-,-,+,+,-,Group II,,,451.3138505,166.5910232,0.369124553,WBGene00007030,Embryonic lethal
F18A1.7,-,-,+,+,-,Group II,,,109.7481095,63.75996608,0.580966418,WBGene00017548,Embryonic lethal
fln-1,-,-,+,+,-,Group II,,,155.4110099,134.6991071,0.866728214,WBGene00022048,Embryonic lethal
gsp-2,-,-,+,+,-,Group II,,,617.9762543,808.2493685,1.307897129,WBGene00001748,Embryonic lethal
hsp-1,-,-,+,+,-,Group II,,,746.7530677,972.8558041,1.302781128,WBGene00002005,Embryonic lethal
K01G5.5,-,-,+,+,-,Group II,,,688.1425025,504.7447202,0.733488657,WBGene00010478,
kin-19,-,-,+,+,-,Group II,,,339.5833948,377.7185372,1.112299786,WBGene00002202,Embryonic lethal
lag-1,-,-,+,+,-,Group II,,,174.3535408,222.9260768,1.278586462,WBGene00002245,Embryonic lethal
mbk-2,-,-,+,+,-,Group II,RNA localizes to puncta in somatic cells,,584.131347,790.1812725,1.352745879,WBGene00003150,Embryonic lethal
mcm-3,-,-,+,+,-,Group II,,,899.2988562,1279.76873,1.423073899,WBGene00003155,Embryonic lethal
mcm-7,-,-,+,+,-,Group II,,,2267.564079,3647.391233,1.608506356,WBGene00003159,Embryonic lethal
mex-1,-,-,+,+,-,Group II,RNA localizes to puncta in somatic cells,,130.560664,170.0150405,1.302191911,WBGene00003228,Embryonic lethal
mrck-1,-,-,+,+,-,Group II,,,255.9446385,92.88983437,0.362929401,WBGene00006437,
nasp-2,-,-,+,+,-,Group II,,,2441.595993,5059.220562,2.072095702,WBGene00008218,Embryonic lethal
ndk-1,-,-,+,-,-,Group II,,,250.2803374,253.5572179,1.01309284,WBGene00009119,Embryonic lethal
npp-8,-,-,+,+,-,Group II,,,523.5751005,509.5890071,0.973287321,WBGene00003794,Embryonic lethal
ostb-1,-,-,+,+,-,Group II,,,183.061504,155.9618581,0.851964256,WBGene00011638,Embryonic lethal
par-5,-,-,+,-,-,Group II,,,676.2145554,838.2682701,1.239648368,WBGene00003920,Embryonic lethal
pas-6,-,-,+,+,-,Group II,,,92.39674415,115.6765038,1.251954329,WBGene00003927,Embryonic lethal
pck-2,-,-,+,+,-,Group II,,,793.8553254,795.411281,1.001959999,WBGene00011232,
pkc-3,-,-,+,+,-,Group II,,,163.117516,151.8817753,0.931118736,WBGene00004034,Embryonic lethal
pqe-1,-,-,+,+,-,Group II,,,418.1427165,495.9593831,1.186100734,WBGene00004095,
R12E2.11,-,-,+,+,-,Group II,,,32.07688493,61.51268631,1.917663964,WBGene00020036,Embryonic lethal
rho-1,-,-,+,+,-,Group II,,,256.0308041,579.2384374,2.262377918,WBGene00004357,Embryonic lethal
rnr-2,-,-,+,+,-,Group II,,,1918.152259,3241.853443,1.69009182,WBGene00004392,Embryonic lethal
sel-10,-,-,+,+,-,Group II,,,16.50981678,75.46148859,4.570704181,WBGene00004767,
set-2,-,-,+,+,-,Group II,,,288.9000877,246.9755009,0.854882056,WBGene00004782,
spcs-2,-,-,+,+,-,Group II,,,110.1095042,96.35670915,0.875098929,WBGene00012550,Embryonic lethal
sqd-1,-,-,+,+,-,Group II,,,414.6969975,382.0057216,0.921168284,WBGene00022235,
tra-1,-,-,+,+,-,Group II,,,48.98514794,26.69212709,0.544902449,WBGene00006604,Embryonic lethal
tram-1,-,-,+,+,-,Group II,,,69.56185026,64.02171333,0.920356677,WBGene00007696,
trr-1,-,-,+,-,-,Group II,,,854.4659717,279.7307466,0.32737494,WBGene00007028,
ubc-25,-,-,+,-,-,Group II,,,312.7895047,393.844666,1.259136448,WBGene00006720,
ucr-1,-,-,+,+,-,Group II,,,247.2035642,192.2152876,0.777558723,WBGene00018963,Embryonic lethal
unc-108,-,-,+,+,-,Group II,,,142.9134657,202.6642747,1.418090827,WBGene00006833,Embryonic lethal
Y17G7B.20,-,-,+,+,-,Group II,,,268.0903608,251.0628484,0.936485921,WBGene00012471,
Y17G7B.21,-,-,+,+,-,Group II,,,73.64794542,66.4805727,0.902680615,WBGene00012472,
yop-1,-,-,+,+,-,Group II,,,61.39262592,152.360677,2.481742306,WBGene00022127,
ZK524.4,-,-,+,+,-,Group II,,,107.3780738,136.2966538,1.269315503,WBGene00013994,
ztf-7,-,-,+,-,-,Group II,,,357.0850117,143.9591876,0.403151023,WBGene00009772,
ant-1.1,-,-,-,+,-,Group II,,,1179.683037,748.6351739,0.634607052,WBGene00006439,Embryonic lethal
apx-1,-,-,-,+,-,Group II,,,17.94744739,5.582439479,0.311043646,WBGene00000168,Embryonic lethal
cutc-1,-,-,-,+,-,Group II,,,51.35295508,37.0200674,0.720894588,WBGene00022702,
cyb-1,-,-,-,+,-,Group II,,,947.7958996,1858.742752,1.961121327,WBGene00000865,Embryonic lethal
ehbp-1,-,-,-,+,-,Group II,,,55.70005134,24.41169532,0.438270607,WBGene00009098,
F01G4.6,-,-,-,+,-,Group II,,,324.5421219,209.140821,0.644418111,WBGene00008505,Embryonic lethal
F19B6.1,-,-,-,+,-,Group II,,,246.4253961,188.1932927,0.763692767,WBGene00008948,
F32D1.5,-,-,-,+,-,Group II,,,1046.115994,690.6607099,0.660214272,WBGene00017984,Embryonic lethal
gsp-1,-,-,-,+,-,Group II,,,218.8432371,335.1206974,1.531327638,WBGene00001747,Embryonic lethal
hpk-1,-,-,-,+,-,Group II,,,182.7893579,148.0093313,0.809726195,WBGene00001994,
ifet-1,-,-,-,+,-,Group II,,,733.1419733,1141.966652,1.55763371,WBGene00004132,Embryonic lethal
ima-3,-,-,-,+,-,Group II,,,290.0390773,540.1085259,1.862192264,WBGene00002074,Embryonic lethal
let-70,-,-,-,+,-,Group II,,,150.5309748,191.1811257,1.270045092,WBGene00002344,Embryonic lethal
mdt-28,-,-,-,+,-,Group II,,,111.9423667,182.8041913,1.633020604,WBGene00009223,Embryonic lethal
pcn-1,-,-,-,+,-,Group II,,,1028.82905,1765.666094,1.716189968,WBGene00003955,Embryonic lethal
prp-8,-,-,-,+,-,Group II,,,1710.117886,1042.387301,0.609541196,WBGene00004187,Embryonic lethal
ptp-2,-,-,-,+,-,Group II,,,95.26262196,52.35032094,0.549536847,WBGene00004214,Embryonic lethal
ribo-1,-,-,-,+,-,Group II,,,194.5596839,99.09389954,0.509323913,WBGene00020683,Embryonic lethal
trap-3,-,-,-,+,-,Group II,,,97.76478882,214.3928277,2.192945234,WBGene00021420,
ubq-1,-,-,-,+,-,Group II,,,4000.403075,4073.800967,1.018347624,WBGene00006727,Embryonic lethal
ulp-4,-,-,-,+,-,Group II,,,79.91525017,56.66241508,0.709031317,WBGene00006739,Embryonic lethal
vha-19,-,-,-,+,-,Group II,,,55.00045502,51.45265131,0.935495012,WBGene00021952,
xpo-1,-,-,-,+,-,Group II,RNA localizes to puncta in somatic cells,,749.5071486,490.1556496,0.653970613,WBGene00002078,Embryonic lethal
Y41E3.1,-,-,-,+,-,Group II,,,26.58393793,11.7370661,0.441509686,WBGene00012762,
C14C10.5,-,-,-,-,-,Group II,,,309.1370448,262.5141757,0.849183817,WBGene00007588,
ccr-4,-,-,-,-,-,Group II,,,556.9622142,637.4165582,1.144452069,WBGene00000376,Embryonic lethal
cdc-42,-,-,-,-,-,Group II,,,125.3624018,190.8107893,1.522073497,WBGene00000390,Embryonic lethal
icd-1,-,-,-,-,-,Group II,,,422.0666961,224.2480187,0.531309437,WBGene00002045,Embryonic lethal
nmy-2,-,-,-,-,-,Group II,,,631.29098,255.0240027,0.403972195,WBGene00003777,Embryonic lethal
npp-7,-,-,-,-,-,Group II,,,357.6645117,467.1824641,1.306203017,WBGene00003793,Embryonic lethal
rpc-1,-,-,-,-,-,Group II,,,195.9537167,122.3400842,0.624331532,WBGene00004411,Embryonic lethal
Y55F3BR.6,-,-,-,-,-,Group II,,,8.993055945,4.956130135,0.551106339,WBGene00021943,
act-2,-,-,-,-,+,Group III,,,741.3204974,1826.934416,2.46443262,WBGene00000064,Embryonic lethal
ani-1,-,-,-,-,-,Group III,,,791.2538243,936.2817269,1.183288722,WBGene00013038,Embryonic lethal
cand-1,-,-,-,-,-,Group III,,,531.4130011,596.6628445,1.122785561,WBGene00013606,Embryonic lethal
cct-4,-,-,-,-,-,Group III,,,205.8598277,199.7702313,0.970418724,WBGene00000379,Embryonic lethal
cct-5,-,-,-,-,-,Group III,,,386.0675096,156.4119966,0.405141569,WBGene00000380,Embryonic lethal
CD4.17,-,-,-,-,-,Group III,,,0.01650662,311.2067446,18853.45004,WBGene00235159,
cdc-48.2,-,-,-,-,-,Group III,,,35.56691717,20.31274886,0.571113565,WBGene00008053,Embryonic lethal
chdp-1,-,-,-,-,-,Group III,,,2420.954104,4553.873982,1.8810245,WBGene00015687,
chtl-1,-,-,-,-,-,Group III,,,40.48287128,17.85605158,0.441076708,WBGene00018037,
cmd-1,-,-,-,-,-,Group III,,,153.171535,278.7660194,1.81995969,WBGene00000552,Embryonic lethal
cyb-3,-,-,-,-,-,Group III,,,2719.325181,5121.618768,1.883415343,WBGene00000868,Embryonic lethal
dlc-1,-,-,-,-,+,Group III,Enrichment in ~100-cell is weak,,170.0042291,351.1876572,2.065758358,WBGene00001005,Embryonic lethal
eef-1A.1,-,-,-,-,-,Group III,,,5243.773253,2117.558165,0.403823366,WBGene00001168,Embryonic lethal
F22D6.2,-,-,-,-,+,Group III,,,302.7437085,534.0290852,1.763964271,WBGene00009050,
F58D5.5,-,-,-,-,-,Group III,,,45.88829277,97.02704478,2.114418274,WBGene00010244,
gex-2,-,-,-,-,-,Group III,,,208.950117,168.6719493,0.807235486,WBGene00001579,Embryonic lethal
gld-1,-,-,-,-,+,Group III,RNA localizes to puncta in somatic cells,,118.5158355,69.59527042,0.587223388,WBGene00001595,Embryonic lethal
hsp-4,-,-,-,-,-,Group III,,,238.9757816,143.54979,0.600687605,WBGene00002008,Embryonic lethal
hsp-90,-,-,-,-,-,Group III,,,1371.365349,1020.784387,0.744356263,WBGene00000915,Embryonic lethal
htz-1,-,-,-,-,-,Group III,,,1101.135888,2860.070406,2.597381883,WBGene00019947,
larp-5,-,-,-,-,-,Group III,,,241.6002318,150.8981622,0.624577887,WBGene00004147,
lfor-1,-,-,-,-,-,Group III,,,246.2566392,0.767475291,0.003116567,WBGene00045388,
lgg-2,-,-,-,-,-,Group III,,,124.04725,244.4351502,1.970500355,WBGene00002981,Embyronic lethal
lst-1,-,-,-,-,-,Group III,,,122.0960279,141.8206414,1.161550002,WBGene00003083,Embryonic lethal
M28.5,-,-,-,-,-,Group III,,,590.7335975,542.3326798,0.918066421,WBGene00010896,Embryonic lethal
mca-3,-,-,-,-,-,Group III,,,170.962698,66.65329491,0.389870397,WBGene00003153,
ostd-1,-,-,-,-,-,Group III,,,69.58300365,80.86806203,1.162181248,WBGene00019693,Embryonic lethal
pccb-1,-,-,-,-,-,Group III,,,454.6227141,616.4772117,1.356019382,WBGene00018701,
pdi-3,-,-,-,-,-,Group III,RNA localizes to puncta in somatic cells,,617.3638524,292.2732313,0.473421355,WBGene00003964,
plk-1,-,-,-,-,-,Group III,,,524.3144945,558.7718444,1.065718858,WBGene00004042,Embryonic lethal
rog-1,-,-,-,-,-,Group III,,,10.2822389,4.799473249,0.46677317,WBGene00018819,Embyronic lethal
row-1,-,-,-,-,-,Group III,,,185.9684276,196.1398354,1.054694272,WBGene00009508,
set-16,-,-,-,-,-,Group III,,,616.9863242,357.0220787,0.578654769,WBGene00011729,Embryonic lethal
smg-6,-,-,-,-,-,Group III,,,210.5286736,197.9331826,0.940172088,WBGene00004884,
srpa-68,-,-,-,-,-,Group III,,,236.4611513,270.7789268,1.145130713,WBGene00010097,Embryonic lethal
swsn-4,-,-,-,-,-,Group III,,,1589.389644,1336.438633,0.840850221,WBGene00004204,Embryonic lethal
T10B10.3,-,-,-,-,-,Group III,,,167.7683958,150.9250876,0.899603807,WBGene00011680,
T24B8.7,-,-,-,-,-,Group III,,,593.8997046,277.5474399,0.46733049,WBGene00011980,Embryonic lethal
T28D9.4,-,-,-,-,-,Group III,,,18.00895895,51.36638766,2.852268574,WBGene00020896,
tag-153,-,-,-,-,-,Group III,,,138.1140874,105.4802529,0.763718277,WBGene00006499,
tba-2,-,-,-,-,-,Group III,,,2791.660421,4657.929122,1.668515657,WBGene00006529,Embryonic lethal
trap-1,-,-,-,-,-,Group III,,,126.5827478,169.2493117,1.337064605,WBGene00022122,Embyronic lethal
unc-60,-,-,-,-,-,Group III,,,246.2521888,581.9256966,2.363129032,WBGene00006794,
vdac-1,-,-,-,-,+,Group III,,,394.4247205,905.8726779,2.296693465,WBGene00019900,
vet-6,-,-,-,-,-,Group III,,,603.8008305,1138.411589,1.885409114,WBGene00006902,
vha-2,-,-,-,-,-,Group III,,,164.8069074,312.6779718,1.89723827,WBGene00006911,Embyronic lethal